{"main":{"x":-0.005116959064327485,"y":-0.008027522935779817,"width":1,"height":0.9747706422018348,"maximize":true},"zoom":{"x":0.10307017543859649,"y":0.058486238532110095,"width":0.4166666666666667,"height":0.6536697247706422},"coords":{"x":0.6220760233918129,"y":0.30619266055045874,"width":0,"height":0},"palette":{"x":0.77046783625731,"y":0.6685779816513762,"width":0.20321637426900585,"height":0.2694954128440367},"show":{"x":0.5621345029239766,"y":0.09518348623853211,"width":0,"height":0},"tools":{"x":0.013888888888888888,"y":0.15137614678899083,"width":0,"height":0},"picker":{"x":0.8296783625730995,"y":0.0779816513761468,"width":0.125,"height":0.5596330275229358},"animation":{"x":0.5519005847953217,"y":0.5653669724770642,"width":0.2580409356725146,"height":0.0860091743119266}}
