{"imageData":[{"undo":[],"redo":[]},{"undo":[],"redo":[]},{"undo":[],"redo":[]}],"current":0,"zoom":10,"viewport":{"x":254.35061220610768,"y":268.1863523497812,"scale":0.6139097479118394}}
