{"imageData":[{"undo":[],"redo":[]}],"current":0,"zoom":10,"viewport":{"x":437.55369076104967,"y":166.27285020484817,"scale":0.7898777252867137}}
