{"imageData":[{"undo":[],"redo":[]}],"current":0,"zoom":10,"viewport":{"x":291.70333333333326,"y":222.2033333333333,"scale":0.5933333333333334}}
