{"imageData":[{"undo":[],"redo":[]}],"current":0,"zoom":10,"viewport":{"x":165.55231188561928,"y":373.9825345904426,"scale":0.5933333333333334}}
