{"zoom":4,"current":0,"imageData":[{"undo":[],"redo":[]}],"viewport":{"x":320.60999999999996,"y":233.10999999999996,"scale":0.5933333333333334}}
