{"zoom":4,"current":0,"imageData":[{"undo":[],"redo":[]}],"viewport":{"x":213.64200000000002,"y":229.64200000000002,"scale":0.572}}
