{"zoom":4,"current":0,"imageData":[{"undo":[],"redo":[]}],"viewport":{"x":212.92700000000005,"y":228.92700000000002,"scale":0.572}}
