{"zoom":4,"current":0,"imageData":[{"undo":[],"redo":[]}],"viewport":{"x":525.8683333333335,"y":220.86833333333328,"scale":0.5933333333333334}}
