{"zoom":4,"current":0,"imageData":[{"undo":[],"redo":[]}],"viewport":{"x":291.10999999999996,"y":221.60999999999996,"scale":0.5933333333333334}}
